{
    "camera": {
        "motionSpeed": 20.0,
        "rotationSpeed": 1.0,
        "default": {
            "position": {
                "x": -92.278595,
                "y": 86.452965 ,
                "z": 132.08347
            },
            "forwards": {
                "x": 0.76370764,
                "y": 0.055830434,
                "z": -0.64314353
            },
            "up": {
                "x": 0.64385504,
                "y": 0.0067264526,
                "z": 0.76511806
            }
        }
    }
}